{"cameraMode":{"drawMode":0,"name":"Shaded","section":"Shading Mode"},"sceneLighting":false,"audioPlay":false,"sceneViewState":{"m_AlwaysRefresh":false,"showFog":true,"showSkybox":false,"showFlares":true,"showImageEffects":true,"showParticleSystems":true,"showVisualEffectGraphs":true,"m_FxEnabled":true},"in2DMode":false,"pivot":{"x":-0.01332712173461914,"y":1.8051953315734864,"z":0.16612327098846436},"rotation":{"x":-0.024983996525406839,"y":0.9710240960121155,"z":-0.11739055812358856,"w":-0.20666085183620454},"size":3.1907155513763429,"orthographic":false}